﻿<?xml version="1.0" encoding="utf-8"?>
<XnaContent xmlns:ns="Microsoft.Xna.Framework">
  <Asset Type="Nez.ExtendedContent.DataTypes.DefaultStyles">
    <Scale>2</Scale>
    <FillColor>FFFFFFFF</FillColor>
    <OutlineColor>FFFFFFFF</OutlineColor>
    <OutlineWidth>3</OutlineWidth>
    <ForceAlignCenter Null="true" />
    <FontStyle Null="true" />
    <SelectedHighlightColor Null="true" />
    <ShadowColor Null="true" />
    <ShadowOffset Null="true" />
    <Padding Null="true" />
    <SpaceBefore Null="true" />
	<SpaceAfter>0 12</SpaceAfter>
    <ShadowScale Null="true" />
	<DefaultSize>0 60</DefaultSize>
  </Asset>
        
</XnaContent>