﻿<?xml version="1.0" encoding="utf-8"?>
<XnaContent xmlns:ns="Microsoft.Xna.Framework">
  <Asset Type="Nez.ExtendedContent.DataTypes.DefaultStyles">
    <Scale>1.2</Scale>
    <FillColor>FFFFFF00</FillColor>
    <OutlineColor Null="true" />
    <OutlineWidth Null="true" />
    <ForceAlignCenter>true</ForceAlignCenter>
    <FontStyle>Bold</FontStyle>
    <SelectedHighlightColor Null="true" />
    <ShadowColor Null="true" />
    <ShadowOffset Null="true" />
    <Padding Null="true" />
    <SpaceBefore Null="true" />
    <SpaceAfter Null="true" />
    <ShadowScale Null="true" />
	<DefaultSize Null="true" />
  </Asset>
        
</XnaContent>