﻿<?xml version="1.0" encoding="utf-8"?>
<XnaContent xmlns:ns="Microsoft.Xna.Framework">
  <Asset Type="Nez.ExtendedContent.DataTypes.DefaultStyles">
    <Scale Null="true" />
    <FillColor Null="true" />
    <OutlineColor Null="true" />
    <OutlineWidth Null="true" />
    <ForceAlignCenter Null="true" />
    <FontStyle Null="true" />
    <SelectedHighlightColor>64000000</SelectedHighlightColor>
    <ShadowColor Null="true" />
    <ShadowOffset Null="true" />
    <Padding>30 22</Padding>
    <SpaceBefore Null="true" />
    <SpaceAfter Null="true" />
    <ShadowScale Null="true" />
	<DefaultSize>0 220</DefaultSize>
  </Asset>
</XnaContent>