﻿<?xml version="1.0" encoding="utf-8"?>
<XnaContent xmlns:ns="Microsoft.Xna.Framework">
  <Asset Type="Nez.ExtendedContent.DataTypes.DefaultStyles">
    <Scale>1</Scale>
    <FillColor>FF969696</FillColor>
    <OutlineColor Null="true" />
    <OutlineWidth Null="true" />
    <ForceAlignCenter Null="true" />
    <FontStyle Null="true" />
    <SelectedHighlightColor Null="true" />
    <ShadowColor Null="true" />
    <ShadowOffset Null="true" />
    <Padding Null="true" />
    <SpaceBefore Null="true" />
    <SpaceAfter Null="true" />
    <ShadowScale Null="true" />
	<DefaultSize Null="true" />
  </Asset>
        
</XnaContent>