﻿<?xml version="1.0" encoding="utf-8"?>
<XnaContent xmlns:ns="Microsoft.Xna.Framework">
  <Asset Type="Nez.ExtendedContent.DataTypes.DefaultStyles">
    <Scale Null="true" />
	<FillColor>F00F0F0F</FillColor>
	<OutlineColor>FFFFFFFF</OutlineColor>
	<OutlineWidth>2</OutlineWidth>
    <ForceAlignCenter Null="true" />
    <FontStyle Null="true" />
    <SelectedHighlightColor Null="true" />
    <ShadowColor Null="true" />
    <ShadowOffset Null="true" />
    <Padding Null="true" />
    <SpaceBefore Null="true" />
    <SpaceAfter Null="true" />
    <ShadowScale Null="true" />
	<DefaultSize>0 65</DefaultSize>
  </Asset>
        
</XnaContent>